stage,position,depth,agent,attempts,completed_searches,timeouts,errors,selected_move,root_value,equivalent_move,equivalent_value,visited_states,expanded_nodes,generated_actions,evaluated_states,pruned_actions,maximum_depth,thinking_time,relative_expanded_nodes_change_order2_vs_order1
A,initial,2,measured_minimax,1,1,0,0,g0-f3,0.0,True,True,2736,53,2735,2683,0,2,2.0074084580119234,N/A
A,initial,2,alpha_beta_order_1,1,1,0,0,g0-f3,0.0,True,True,742,53,2735,689,1994,2,0.5340477919962723,N/A
A,initial,2,alpha_beta_order_2,1,1,0,0,g0-f3,0.0,True,True,353,53,2735,300,2383,2,2.21022316699964,N/A
B,initial,3,alpha_beta_order_1,3,3,0,0,d1-d2,0.059027777777777776,N/A,N/A,15556,587,34344,14969,18789,3,11.325368916004663,0.1465076660988075
B,initial,3,alpha_beta_order_2,3,3,0,0,d1-d2,0.059027777777777776,N/A,N/A,4975,501,29218,4474,24244,3,25.633198958996218,0.1465076660988075
A,early-a,2,measured_minimax,1,1,0,0,g0-f3,0.0,True,True,3171,57,3170,3114,0,2,2.3121034579817206,N/A
A,early-a,2,alpha_beta_order_1,1,1,0,0,g0-f3,0.0,True,True,1119,57,3170,1062,2052,2,0.8066651659901254,N/A
A,early-a,2,alpha_beta_order_2,1,1,0,0,g0-f3,0.0,True,True,435,57,3170,378,2736,2,2.568180291011231,N/A
B,early-a,3,alpha_beta_order_1,3,3,0,0,d1-c2,0.05592105263157895,N/A,N/A,18532,743,44946,17789,26415,3,13.453657750011189,N/A
B,early-a,3,alpha_beta_order_2,3,0,3,0,N/A,N/A,N/A,N/A,N/A,N/A,N/A,N/A,N/A,N/A,N/A,N/A
A,early-b,2,measured_minimax,1,1,0,0,g0-h3,-0.04241486068111455,True,True,4008,62,4007,3946,0,2,3.0142132919863798,N/A
A,early-b,2,alpha_beta_order_1,1,1,0,0,g0-h3,-0.04241486068111455,True,True,2128,62,4007,2066,1880,2,1.596035667025717,N/A
A,early-b,2,alpha_beta_order_2,1,1,0,0,g0-h3,-0.04241486068111455,True,True,689,62,4007,627,3319,2,3.5125447919999715,N/A
B,early-b,3,alpha_beta_order_1,3,0,3,0,N/A,N/A,N/A,N/A,N/A,N/A,N/A,N/A,N/A,N/A,N/A,N/A
B,early-b,3,alpha_beta_order_2,3,0,3,0,N/A,N/A,N/A,N/A,N/A,N/A,N/A,N/A,N/A,N/A,N/A,N/A
A,middle-capture,2,measured_minimax,1,1,0,0,e4-f5,1.0,True,True,3473,31,3472,3442,0,2,1.643588875012938,N/A
A,middle-capture,2,alpha_beta_order_1,1,1,0,0,e4-f5,1.0,True,True,2003,31,3472,1972,1470,2,0.9416844999941532,N/A
A,middle-capture,2,alpha_beta_order_2,1,1,0,0,e4-f5,1.0,True,True,999,31,3472,968,2474,2,2.1029459169949405,N/A
B,middle-capture,3,alpha_beta_order_1,3,3,0,0,e4-f5,1.0,N/A,N/A,18334,1333,56293,17001,37960,3,8.008539250004105,0.1417854463615904
B,middle-capture,3,alpha_beta_order_2,3,3,0,0,e4-f5,1.0,N/A,N/A,4540,1144,48794,3396,44255,3,24.40115895800409,0.1417854463615904
A,middle-threat,2,measured_minimax,1,1,0,0,e4-d3,1.0,True,True,6096,79,6095,6017,0,2,5.213764207990607,N/A
A,middle-threat,2,alpha_beta_order_1,1,1,0,0,e4-d3,1.0,True,True,423,79,6095,344,5673,2,0.2842060829862021,N/A
A,middle-threat,2,alpha_beta_order_2,1,1,0,0,e4-d3,1.0,True,True,423,79,6095,344,5673,2,5.466812290978851,N/A
B,middle-threat,3,alpha_beta_order_1,3,3,0,0,e4-d3,1.0,N/A,N/A,1316,279,19105,1037,17790,3,0.8710651670116931,0.0
B,middle-threat,3,alpha_beta_order_2,3,3,0,0,e4-d3,1.0,N/A,N/A,1316,279,19105,1037,17790,3,17.312188125011744,0.0
A,reduced,2,measured_minimax,1,1,0,0,a0-d3,0.0029669762641898866,True,True,755,27,754,728,0,2,0.0872004579869099,N/A
A,reduced,2,alpha_beta_order_1,1,1,0,0,a0-d3,0.0029669762641898866,True,True,340,27,754,313,415,2,0.03908816602779552,N/A
A,reduced,2,alpha_beta_order_2,1,1,0,0,a0-d3,0.0029669762641898866,True,True,242,27,754,215,513,2,0.11215987498871982,N/A
B,reduced,3,alpha_beta_order_1,3,3,0,0,a0-d3,0.009646519158121964,N/A,N/A,5738,443,14391,5295,8654,3,0.6679668750148267,0.7584650112866818
B,reduced,3,alpha_beta_order_2,3,3,0,0,a0-d3,0.009646519158121964,N/A,N/A,1002,107,3897,895,2896,3,0.582658375002211,0.7584650112866818
